admin,2
admin,9
admin,12
admin,14
admin,16
admin,20
admin,26
admin,27
admin,38
admin,41
admin,43
user1,1
user1,15
user1,23
user1,29
user1,31
user1,32
user1,33
user1,34
user1,42
user1,43
user1,45
user10,7
user10,9
user10,11
user10,15
user10,22
user10,25
user10,28
user10,29
user10,30
user10,39
user10,42
user10,48
user10,50
user100,2
user100,3
user100,6
user100,11
user100,12
user100,13
user100,15
user100,17
user100,19
user100,33
user100,41
user100,42
user100,43
user101,1
user101,5
user101,7
user101,9
user101,10
user101,14
user101,20
user101,31
user101,33
user101,36
user101,45
user101,46
user101,47
user102,5
user102,12
user102,14
user102,19
user102,23
user102,25
user102,28
user102,29
user102,30
user102,31
user102,32
user102,33
user102,49
user103,1
user103,7
user103,11
user103,12
user103,15
user103,17
user103,19
user103,21
user103,22
user103,25
user103,26
user103,45
user103,48
user104,1
user104,2
user104,7
user104,9
user104,14
user104,27
user104,33
user104,34
user104,35
user104,39
user104,42
user104,44
user104,49
user105,3
user105,13
user105,14
user105,17
user105,19
user105,22
user105,25
user105,33
user105,38
user105,40
user105,46
user105,47
user105,48
user106,6
user106,9
user106,16
user106,21
user106,22
user106,28
user106,37
user106,38
user106,44
user106,46
user106,47
user106,49
user106,50
user107,3
user107,6
user107,7
user107,21
user107,25
user107,26
user107,29
user107,33
user107,35
user107,36
user107,46
user107,47
user108,9
user108,10
user108,12
user108,16
user108,19
user108,23
user108,27
user108,34
user108,41
user108,42
user108,43
user108,45
user108,46
user109,5
user109,6
user109,7
user109,9
user109,11
user109,12
user109,13
user109,23
user109,25
user109,26
user109,35
user109,40
user109,44
user11,3
user11,4
user11,10
user11,11
user11,12
user11,16
user11,21
user11,30
user11,31
user11,41
user11,42
user11,46
user11,49
user110,3
user110,16
user110,17
user110,22
user110,23
user110,28
user110,31
user110,32
user110,34
user110,36
user110,37
user110,38
user110,47
user111,7
user111,13
user111,14
user111,20
user111,24
user111,29
user111,32
user111,36
user111,38
user111,39
user111,40
user111,43
user111,49
user112,2
user112,5
user112,7
user112,18
user112,20
user112,28
user112,29
user112,31
user112,35
user112,36
user112,43
user112,45
user112,46
user113,6
user113,7
user113,8
user113,11
user113,19
user113,28
user113,29
user113,30
user113,35
user113,37
user113,39
user113,46
user113,50
user114,4
user114,5
user114,8
user114,13
user114,19
user114,24
user114,32
user114,33
user114,37
user114,41
user114,45
user114,46
user114,49
user115,5
user115,6
user115,13
user115,15
user115,16
user115,28
user115,30
user115,32
user115,33
user115,34
user115,42
user115,44
user115,48
user116,4
user116,11
user116,12
user116,16
user116,17
user116,23
user116,27
user116,31
user116,34
user116,38
user116,43
user116,47
user116,48
user117,6
user117,7
user117,11
user117,14
user117,19
user117,21
user117,22
user117,29
user117,31
user117,39
user117,41
user117,42
user117,48
user118,3
user118,8
user118,23
user118,24
user118,25
user118,26
user118,27
user118,29
user118,32
user118,35
user118,41
user118,47
user118,50
user119,3
user119,9
user119,13
user119,14
user119,20
user119,22
user119,23
user119,26
user119,31
user119,37
user119,43
user119,47
user119,50
user12,1
user12,2
user12,9
user12,18
user12,24
user12,28
user12,41
user12,44
user12,45
user12,46
user12,48
user12,49
user120,6
user120,11
user120,16
user120,25
user120,29
user120,31
user120,34
user120,39
user120,42
user120,44
user120,47
user120,50
user121,2
user121,10
user121,16
user121,17
user121,20
user121,23
user121,24
user121,25
user121,31
user121,35
user121,36
user121,38
user121,47
user122,13
user122,20
user122,21
user122,26
user122,29
user122,34
user122,36
user122,37
user122,40
user122,41
user122,42
user122,44
user122,48
user123,4
user123,6
user123,12
user123,13
user123,16
user123,27
user123,32
user123,39
user123,40
user123,42
user123,45
user123,46
user123,48
user124,3
user124,5
user124,10
user124,14
user124,15
user124,22
user124,23
user124,30
user124,32
user124,35
user124,37
user124,38
user124,44
user125,3
user125,10
user125,12
user125,15
user125,21
user125,27
user125,33
user125,34
user125,37
user125,39
user125,44
user125,45
user125,49
user126,6
user126,7
user126,8
user126,11
user126,13
user126,16
user126,21
user126,25
user126,28
user126,34
user126,36
user126,44
user126,49
user127,1
user127,12
user127,14
user127,19
user127,27
user127,30
user127,31
user127,34
user127,35
user127,40
user127,41
user127,47
user127,48
user128,3
user128,8
user128,12
user128,13
user128,21
user128,25
user128,27
user128,30
user128,33
user128,37
user128,38
user128,48
user129,9
user129,12
user129,19
user129,23
user129,26
user129,28
user129,31
user129,32
user129,33
user129,35
user129,38
user129,40
user129,49
user13,8
user13,13
user13,14
user13,15
user13,17
user13,19
user13,28
user13,29
user13,30
user13,31
user13,37
user13,48
user130,1
user130,7
user130,9
user130,13
user130,15
user130,21
user130,22
user130,26
user130,35
user130,42
user130,43
user130,44
user130,50
user131,1
user131,6
user131,7
user131,11
user131,12
user131,18
user131,29
user131,30
user131,33
user131,37
user131,39
user131,40
user131,49
user132,4
user132,9
user132,13
user132,17
user132,18
user132,20
user132,21
user132,25
user132,32
user132,37
user132,41
user132,42
user132,46
user133,3
user133,6
user133,14
user133,21
user133,26
user133,29
user133,31
user133,37
user133,39
user133,41
user133,44
user133,47
user133,49
user134,14
user134,16
user134,18
user134,20
user134,26
user134,29
user134,31
user134,34
user134,40
user134,41
user134,45
user134,47
user134,49
user135,3
user135,7
user135,23
user135,24
user135,26
user135,31
user135,32
user135,33
user135,34
user135,35
user135,39
user135,40
user135,44
user136,2
user136,6
user136,11
user136,17
user136,20
user136,32
user136,34
user136,37
user136,38
user136,44
user136,47
user136,48
user136,49
user137,2
user137,8
user137,13
user137,16
user137,18
user137,19
user137,25
user137,38
user137,40
user137,41
user137,42
user137,43
user137,49
user138,1
user138,3
user138,4
user138,11
user138,16
user138,26
user138,33
user138,34
user138,38
user138,43
user138,44
user138,47
user138,50
user139,6
user139,8
user139,12
user139,14
user139,21
user139,26
user139,29
user139,32
user139,36
user139,42
user139,43
user139,44
user139,46
user14,2
user14,10
user14,13
user14,14
user14,25
user14,26
user14,29
user14,33
user14,38
user14,39
user14,41
user14,47
user14,50
user140,2
user140,8
user140,9
user140,10
user140,18
user140,23
user140,27
user140,36
user140,38
user140,44
user140,46
user140,48
user140,50
user141,2
user141,3
user141,5
user141,8
user141,9
user141,20
user141,24
user141,31
user141,38
user141,44
user141,45
user141,46
user141,50
user142,4
user142,8
user142,13
user142,14
user142,23
user142,25
user142,26
user142,27
user142,38
user142,39
user142,40
user142,45
user142,46
user143,1
user143,3
user143,4
user143,8
user143,11
user143,17
user143,18
user143,19
user143,21
user143,38
user143,40
user143,44
user143,48
user144,7
user144,9
user144,11
user144,16
user144,17
user144,21
user144,22
user144,26
user144,29
user144,30
user144,37
user144,46
user144,49
user145,3
user145,8
user145,9
user145,11
user145,16
user145,24
user145,32
user145,34
user145,36
user145,42
user145,45
user145,46
user145,48
user146,4
user146,12
user146,13
user146,14
user146,15
user146,17
user146,22
user146,28
user146,34
user146,37
user146,39
user146,46
user146,49
user147,8
user147,9
user147,20
user147,24
user147,25
user147,28
user147,29
user147,34
user147,44
user147,46
user147,48
user147,50
user148,1
user148,6
user148,7
user148,15
user148,18
user148,21
user148,24
user148,26
user148,33
user148,34
user148,40
user148,46
user148,48
user149,4
user149,6
user149,11
user149,12
user149,13
user149,22
user149,27
user149,30
user149,35
user149,40
user149,41
user149,49
user15,2
user15,4
user15,6
user15,9
user15,10
user15,17
user15,18
user15,20
user15,24
user15,28
user15,34
user15,35
user15,46
user150,15
user150,16
user150,30
user150,31
user150,32
user150,37
user150,41
user150,43
user150,45
user150,46
user150,48
user150,50
user151,8
user151,9
user151,12
user151,15
user151,19
user151,26
user151,28
user151,30
user151,32
user151,37
user151,45
user151,46
user151,50
user152,8
user152,12
user152,14
user152,22
user152,23
user152,24
user152,25
user152,26
user152,30
user152,44
user152,47
user152,48
user153,1
user153,8
user153,11
user153,12
user153,15
user153,17
user153,20
user153,21
user153,23
user153,27
user153,30
user153,34
user153,50
user154,1
user154,3
user154,5
user154,9
user154,13
user154,14
user154,18
user154,19
user154,24
user154,30
user154,31
user154,33
user154,36
user155,1
user155,7
user155,11
user155,13
user155,15
user155,16
user155,21
user155,25
user155,26
user155,27
user155,30
user155,45
user156,2
user156,3
user156,4
user156,6
user156,7
user156,12
user156,14
user156,15
user156,17
user156,21
user156,23
user156,33
user156,47
user157,2
user157,8
user157,11
user157,15
user157,16
user157,20
user157,29
user157,34
user157,37
user157,38
user157,45
user157,46
user157,50
user158,1
user158,2
user158,5
user158,6
user158,7
user158,9
user158,15
user158,20
user158,22
user158,30
user158,31
user158,46
user159,1
user159,7
user159,9
user159,11
user159,13
user159,23
user159,27
user159,32
user159,34
user159,36
user159,38
user159,41
user159,43
user16,10
user16,13
user16,16
user16,17
user16,19
user16,20
user16,21
user16,25
user16,30
user16,34
user16,37
user16,39
user16,42
user160,3
user160,6
user160,7
user160,9
user160,11
user160,14
user160,16
user160,19
user160,21
user160,26
user160,35
user160,39
user160,46
user161,3
user161,7
user161,8
user161,13
user161,16
user161,25
user161,26
user161,29
user161,31
user161,32
user161,34
user161,49
user161,50
user162,4
user162,9
user162,11
user162,13
user162,16
user162,22
user162,23
user162,24
user162,32
user162,39
user162,45
user162,46
user162,47
user163,7
user163,13
user163,15
user163,17
user163,21
user163,22
user163,25
user163,31
user163,33
user163,37
user163,39
user163,40
user163,46
user164,1
user164,8
user164,12
user164,21
user164,22
user164,24
user164,30
user164,32
user164,43
user164,44
user164,45
user164,48
user164,49
user165,1
user165,5
user165,8
user165,14
user165,16
user165,19
user165,20
user165,29
user165,31
user165,36
user165,38
user165,43
user165,48
user166,2
user166,3
user166,6
user166,8
user166,9
user166,10
user166,30
user166,33
user166,37
user166,38
user166,39
user166,43
user166,49
user167,1
user167,2
user167,3
user167,15
user167,16
user167,18
user167,21
user167,30
user167,31
user167,34
user167,36
user167,48
user167,49
user168,3
user168,4
user168,9
user168,12
user168,19
user168,29
user168,40
user168,41
user168,45
user168,46
user168,47
user169,5
user169,11
user169,16
user169,19
user169,24
user169,25
user169,29
user169,31
user169,36
user169,39
user169,40
user169,43
user169,46
user17,1
user17,9
user17,12
user17,13
user17,18
user17,22
user17,23
user17,25
user17,34
user17,42
user17,43
user17,49
user170,7
user170,18
user170,22
user170,23
user170,27
user170,29
user170,30
user170,33
user170,36
user170,37
user170,44
user170,48
user170,50
user171,2
user171,5
user171,7
user171,10
user171,12
user171,19
user171,24
user171,25
user171,31
user171,32
user171,37
user171,40
user171,45
user172,5
user172,7
user172,9
user172,11
user172,14
user172,19
user172,20
user172,23
user172,29
user172,33
user172,38
user172,43
user172,46
user173,2
user173,12
user173,13
user173,14
user173,16
user173,18
user173,24
user173,27
user173,28
user173,34
user173,37
user173,44
user174,4
user174,8
user174,12
user174,17
user174,21
user174,32
user174,33
user174,35
user174,37
user174,40
user174,42
user174,47
user174,48
user175,2
user175,5
user175,6
user175,7
user175,8
user175,11
user175,20
user175,31
user175,42
user175,43
user175,46
user175,48
user175,50
user176,3
user176,18
user176,24
user176,26
user176,30
user176,35
user176,36
user176,38
user176,41
user176,42
user176,50
user177,1
user177,3
user177,7
user177,8
user177,17
user177,28
user177,30
user177,31
user177,32
user177,33
user177,46
user177,49
user177,50
user178,5
user178,17
user178,21
user178,24
user178,26
user178,27
user178,28
user178,30
user178,31
user178,32
user178,37
user178,39
user178,45
user179,2
user179,6
user179,9
user179,16
user179,19
user179,20
user179,24
user179,25
user179,27
user179,29
user179,34
user179,35
user179,38
user18,2
user18,9
user18,12
user18,16
user18,19
user18,22
user18,27
user18,28
user18,30
user18,37
user18,39
user18,43
user18,45
user180,4
user180,8
user180,9
user180,12
user180,15
user180,22
user180,24
user180,30
user180,34
user180,40
user180,41
user180,48
user180,49
user181,3
user181,10
user181,12
user181,15
user181,20
user181,21
user181,30
user181,35
user181,38
user181,41
user181,42
user181,49
user181,50
user182,4
user182,8
user182,14
user182,16
user182,17
user182,26
user182,29
user182,30
user182,31
user182,32
user182,34
user182,44
user182,46
user183,6
user183,16
user183,23
user183,24
user183,25
user183,26
user183,32
user183,34
user183,42
user183,47
user183,50
user184,10
user184,11
user184,16
user184,18
user184,23
user184,26
user184,27
user184,36
user184,37
user184,38
user184,39
user184,47
user184,48
user185,1
user185,2
user185,4
user185,7
user185,9
user185,18
user185,25
user185,28
user185,37
user185,40
user185,44
user185,46
user185,48
user186,4
user186,5
user186,11
user186,20
user186,24
user186,26
user186,27
user186,32
user186,37
user186,38
user186,44
user186,46
user186,49
user187,1
user187,16
user187,21
user187,22
user187,23
user187,26
user187,27
user187,36
user187,43
user187,47
user187,49
user187,50
user188,7
user188,8
user188,16
user188,18
user188,25
user188,29
user188,33
user188,35
user188,37
user188,40
user188,41
user188,43
user188,45
user189,3
user189,8
user189,13
user189,14
user189,15
user189,17
user189,20
user189,22
user189,30
user189,34
user189,35
user189,37
user189,48
user19,4
user19,6
user19,7
user19,16
user19,20
user19,27
user19,29
user19,31
user19,34
user19,36
user19,47
user19,48
user19,49
user190,4
user190,8
user190,10
user190,11
user190,13
user190,17
user190,21
user190,27
user190,30
user190,40
user190,43
user190,47
user190,49
user191,2
user191,13
user191,14
user191,18
user191,19
user191,23
user191,28
user191,29
user191,30
user191,31
user191,36
user191,37
user191,47
user192,1
user192,5
user192,6
user192,11
user192,16
user192,26
user192,29
user192,31
user192,34
user192,35
user192,42
user192,46
user192,50
user193,2
user193,6
user193,7
user193,12
user193,15
user193,16
user193,18
user193,22
user193,27
user193,29
user193,42
user193,46
user193,48
user194,9
user194,17
user194,18
user194,23
user194,24
user194,26
user194,27
user194,28
user194,29
user194,38
user194,41
user194,45
user194,48
user195,1
user195,3
user195,4
user195,5
user195,10
user195,16
user195,19
user195,23
user195,27
user195,39
user195,40
user195,43
user196,2
user196,4
user196,6
user196,8
user196,9
user196,11
user196,22
user196,23
user196,26
user196,27
user196,28
user196,44
user196,49
user197,5
user197,7
user197,8
user197,11
user197,15
user197,19
user197,24
user197,25
user197,27
user197,29
user197,30
user197,42
user197,44
user198,12
user198,14
user198,19
user198,22
user198,27
user198,28
user198,34
user198,40
user198,41
user198,42
user198,44
user198,49
user199,3
user199,7
user199,19
user199,23
user199,28
user199,32
user199,34
user199,37
user199,38
user199,40
user199,44
user199,45
user199,47
user2,1
user2,5
user2,13
user2,16
user2,21
user2,26
user2,29
user2,30
user2,35
user2,36
user2,40
user2,46
user2,49
user20,1
user20,9
user20,11
user20,20
user20,27
user20,29
user20,35
user20,36
user20,40
user20,42
user20,45
user20,49
user200,1
user200,5
user200,6
user200,14
user200,17
user200,21
user200,26
user200,28
user200,29
user200,31
user200,42
user200,46
user200,47
user21,3
user21,9
user21,11
user21,17
user21,25
user21,29
user21,33
user21,38
user21,41
user21,42
user21,44
user21,47
user21,49
user22,3
user22,5
user22,8
user22,16
user22,17
user22,20
user22,21
user22,22
user22,23
user22,26
user22,30
user22,31
user22,37
user23,2
user23,5
user23,7
user23,12
user23,19
user23,20
user23,23
user23,34
user23,38
user23,40
user23,45
user23,46
user23,50
user24,6
user24,8
user24,10
user24,11
user24,14
user24,16
user24,18
user24,19
user24,20
user24,32
user24,41
user24,44
user24,48
user25,3
user25,4
user25,8
user25,13
user25,16
user25,17
user25,18
user25,19
user25,24
user25,28
user25,31
user25,40
user25,50
user26,2
user26,9
user26,11
user26,18
user26,25
user26,27
user26,29
user26,30
user26,32
user26,36
user26,50
user27,3
user27,4
user27,9
user27,13
user27,14
user27,25
user27,35
user27,36
user27,39
user27,40
user27,43
user27,44
user27,48
user28,4
user28,5
user28,10
user28,14
user28,15
user28,16
user28,17
user28,21
user28,30
user28,33
user28,38
user28,39
user28,50
user29,2
user29,4
user29,8
user29,10
user29,12
user29,14
user29,20
user29,23
user29,25
user29,29
user29,42
user29,46
user29,50
user3,5
user3,7
user3,15
user3,19
user3,29
user3,33
user3,36
user3,38
user3,41
user3,45
user3,46
user3,47
user3,49
user30,4
user30,7
user30,15
user30,20
user30,28
user30,31
user30,33
user30,35
user30,40
user30,41
user30,43
user30,44
user30,48
user31,3
user31,10
user31,13
user31,17
user31,23
user31,27
user31,30
user31,32
user31,36
user31,41
user31,45
user31,50
user32,7
user32,18
user32,20
user32,21
user32,26
user32,28
user32,30
user32,32
user32,34
user32,38
user32,39
user32,46
user32,50
user33,12
user33,17
user33,18
user33,25
user33,27
user33,28
user33,29
user33,31
user33,32
user33,35
user33,36
user33,49
user33,50
user34,3
user34,7
user34,8
user34,12
user34,14
user34,22
user34,29
user34,30
user34,31
user34,35
user34,37
user34,41
user34,45
user35,1
user35,4
user35,5
user35,13
user35,22
user35,29
user35,30
user35,33
user35,40
user35,46
user35,47
user35,49
user36,3
user36,6
user36,9
user36,15
user36,19
user36,20
user36,24
user36,29
user36,31
user36,32
user36,34
user36,40
user36,44
user37,1
user37,9
user37,10
user37,13
user37,18
user37,30
user37,38
user37,40
user37,43
user37,45
user37,46
user37,47
user37,48
user38,2
user38,6
user38,8
user38,14
user38,21
user38,27
user38,28
user38,32
user38,41
user38,42
user38,46
user38,48
user39,12
user39,17
user39,19
user39,22
user39,26
user39,31
user39,32
user39,34
user39,35
user39,36
user39,43
user39,48
user39,49
user4,1
user4,5
user4,9
user4,11
user4,13
user4,14
user4,20
user4,27
user4,36
user4,43
user4,47
user4,49
user4,50
user40,2
user40,3
user40,4
user40,7
user40,11
user40,19
user40,20
user40,26
user40,29
user40,36
user40,45
user40,49
user41,5
user41,10
user41,14
user41,20
user41,22
user41,23
user41,27
user41,29
user41,31
user41,32
user41,40
user41,46
user41,47
user42,3
user42,9
user42,16
user42,20
user42,22
user42,24
user42,31
user42,32
user42,35
user42,38
user42,39
user42,41
user42,48
user43,4
user43,8
user43,13
user43,14
user43,23
user43,24
user43,26
user43,28
user43,35
user43,39
user43,42
user43,47
user43,50
user44,1
user44,2
user44,4
user44,6
user44,9
user44,17
user44,23
user44,30
user44,31
user44,38
user44,40
user44,44
user44,49
user45,4
user45,6
user45,8
user45,13
user45,16
user45,18
user45,26
user45,27
user45,29
user45,39
user45,40
user45,46
user45,48
user46,1
user46,2
user46,5
user46,16
user46,19
user46,20
user46,21
user46,25
user46,29
user46,32
user46,35
user46,44
user46,49
user47,1
user47,3
user47,4
user47,13
user47,17
user47,20
user47,24
user47,27
user47,32
user47,33
user47,39
user47,45
user47,46
user48,6
user48,16
user48,18
user48,19
user48,23
user48,24
user48,26
user48,27
user48,28
user48,32
user48,34
user48,36
user48,40
user49,3
user49,10
user49,14
user49,16
user49,17
user49,21
user49,23
user49,33
user49,42
user49,46
user49,47
user49,48
user49,49
user5,1
user5,2
user5,8
user5,17
user5,19
user5,22
user5,27
user5,38
user5,39
user5,44
user5,45
user5,46
user5,47
user50,5
user50,10
user50,13
user50,14
user50,15
user50,18
user50,19
user50,20
user50,24
user50,25
user50,29
user50,50
user51,2
user51,13
user51,16
user51,18
user51,19
user51,21
user51,30
user51,31
user51,33
user51,40
user51,42
user51,43
user51,45
user52,2
user52,6
user52,13
user52,15
user52,18
user52,19
user52,23
user52,29
user52,37
user52,40
user52,41
user52,46
user52,50
user53,1
user53,5
user53,8
user53,14
user53,22
user53,23
user53,29
user53,31
user53,37
user53,38
user53,39
user53,40
user53,50
user54,1
user54,2
user54,14
user54,18
user54,21
user54,36
user54,39
user54,41
user54,42
user54,46
user54,48
user54,49
user55,1
user55,2
user55,6
user55,8
user55,17
user55,20
user55,28
user55,29
user55,37
user55,40
user55,44
user55,46
user55,47
user56,9
user56,13
user56,14
user56,16
user56,17
user56,22
user56,24
user56,28
user56,29
user56,30
user56,33
user56,41
user56,49
user57,3
user57,7
user57,8
user57,11
user57,12
user57,16
user57,30
user57,31
user57,32
user57,35
user57,41
user57,45
user57,48
user58,7
user58,10
user58,22
user58,23
user58,24
user58,26
user58,33
user58,38
user58,39
user58,43
user58,44
user58,45
user58,46
user59,1
user59,3
user59,6
user59,10
user59,12
user59,18
user59,23
user59,24
user59,39
user59,45
user59,49
user6,4
user6,10
user6,13
user6,14
user6,23
user6,29
user6,30
user6,41
user6,42
user6,44
user6,47
user6,48
user60,4
user60,8
user60,10
user60,15
user60,21
user60,23
user60,26
user60,27
user60,29
user60,30
user60,31
user60,33
user60,41
user61,12
user61,13
user61,15
user61,18
user61,24
user61,27
user61,31
user61,35
user61,36
user61,38
user61,39
user61,43
user61,47
user62,5
user62,6
user62,7
user62,15
user62,23
user62,36
user62,37
user62,38
user62,44
user62,47
user62,48
user62,49
user63,1
user63,6
user63,8
user63,12
user63,15
user63,16
user63,19
user63,20
user63,34
user63,35
user63,38
user63,43
user63,44
user64,6
user64,9
user64,10
user64,20
user64,24
user64,27
user64,29
user64,34
user64,39
user64,40
user64,41
user64,48
user64,49
user65,3
user65,4
user65,6
user65,11
user65,16
user65,19
user65,21
user65,24
user65,34
user65,36
user65,37
user65,41
user65,43
user66,3
user66,10
user66,13
user66,17
user66,20
user66,24
user66,27
user66,31
user66,37
user66,43
user66,46
user66,49
user67,4
user67,5
user67,14
user67,26
user67,27
user67,32
user67,36
user67,37
user67,39
user67,41
user67,42
user67,43
user67,50
user68,2
user68,5
user68,7
user68,10
user68,16
user68,19
user68,23
user68,25
user68,29
user68,37
user68,42
user68,48
user69,1
user69,6
user69,12
user69,18
user69,19
user69,20
user69,24
user69,27
user69,30
user69,32
user69,39
user69,40
user69,42
user7,6
user7,7
user7,11
user7,13
user7,15
user7,20
user7,22
user7,24
user7,26
user7,29
user7,30
user7,37
user7,44
user70,1
user70,6
user70,10
user70,19
user70,21
user70,24
user70,29
user70,36
user70,38
user70,45
user70,46
user70,47
user70,50
user71,7
user71,8
user71,11
user71,17
user71,20
user71,28
user71,39
user71,41
user71,46
user71,47
user71,48
user71,49
user71,50
user72,6
user72,10
user72,11
user72,14
user72,15
user72,16
user72,20
user72,26
user72,28
user72,29
user72,30
user72,36
user72,44
user73,1
user73,2
user73,13
user73,16
user73,18
user73,19
user73,21
user73,24
user73,25
user73,27
user73,29
user73,33
user73,34
user74,5
user74,8
user74,10
user74,12
user74,15
user74,16
user74,25
user74,31
user74,35
user74,41
user74,45
user74,46
user74,50
user75,5
user75,8
user75,10
user75,14
user75,19
user75,27
user75,34
user75,37
user75,44
user75,45
user75,47
user75,49
user76,3
user76,6
user76,10
user76,12
user76,13
user76,16
user76,24
user76,25
user76,35
user76,39
user76,41
user76,47
user76,48
user77,2
user77,6
user77,8
user77,10
user77,17
user77,22
user77,23
user77,27
user77,28
user77,37
user77,41
user77,49
user77,50
user78,5
user78,8
user78,11
user78,12
user78,19
user78,21
user78,23
user78,40
user78,45
user78,48
user78,50
user79,1
user79,4
user79,6
user79,7
user79,11
user79,14
user79,16
user79,21
user79,22
user79,35
user79,38
user79,46
user79,48
user8,8
user8,9
user8,12
user8,14
user8,16
user8,17
user8,20
user8,21
user8,26
user8,28
user8,33
user8,37
user8,49
user80,1
user80,2
user80,3
user80,5
user80,7
user80,16
user80,18
user80,19
user80,21
user80,28
user80,37
user80,46
user80,48
user81,5
user81,6
user81,7
user81,12
user81,17
user81,19
user81,21
user81,26
user81,33
user81,38
user81,39
user81,44
user81,46
user82,4
user82,5
user82,23
user82,24
user82,27
user82,29
user82,35
user82,38
user82,40
user82,42
user82,46
user82,50
user83,1
user83,2
user83,3
user83,7
user83,9
user83,14
user83,31
user83,36
user83,42
user83,44
user83,45
user83,46
user83,49
user84,1
user84,2
user84,11
user84,29
user84,31
user84,33
user84,34
user84,37
user84,38
user84,41
user84,42
user84,48
user84,50
user85,5
user85,9
user85,13
user85,16
user85,17
user85,19
user85,24
user85,25
user85,27
user85,36
user85,37
user85,45
user85,50
user86,1
user86,9
user86,14
user86,19
user86,23
user86,24
user86,27
user86,28
user86,29
user86,36
user86,45
user86,48
user86,50
user87,1
user87,8
user87,10
user87,15
user87,17
user87,18
user87,24
user87,28
user87,29
user87,30
user87,36
user87,37
user87,38
user88,1
user88,2
user88,11
user88,14
user88,16
user88,18
user88,20
user88,26
user88,29
user88,30
user88,37
user88,43
user88,49
user89,4
user89,7
user89,10
user89,18
user89,22
user89,33
user89,34
user89,36
user89,38
user89,42
user89,45
user89,49
user9,3
user9,5
user9,8
user9,9
user9,10
user9,15
user9,18
user9,20
user9,25
user9,29
user9,47
user9,48
user9,50
user90,2
user90,8
user90,13
user90,16
user90,27
user90,29
user90,31
user90,33
user90,35
user90,38
user90,40
user90,43
user90,47
user91,4
user91,6
user91,9
user91,10
user91,13
user91,19
user91,22
user91,24
user91,32
user91,35
user91,38
user91,47
user91,48
user92,8
user92,14
user92,16
user92,17
user92,20
user92,26
user92,32
user92,36
user92,37
user92,38
user92,43
user92,45
user92,49
user93,4
user93,5
user93,14
user93,16
user93,18
user93,19
user93,23
user93,25
user93,26
user93,34
user93,39
user93,41
user93,44
user94,1
user94,5
user94,8
user94,9
user94,12
user94,19
user94,23
user94,25
user94,32
user94,36
user94,39
user94,45
user94,46
user95,6
user95,12
user95,15
user95,19
user95,24
user95,26
user95,28
user95,29
user95,35
user95,39
user95,41
user95,45
user95,48
user96,2
user96,4
user96,5
user96,8
user96,12
user96,14
user96,16
user96,25
user96,26
user96,35
user96,42
user96,45
user96,49
user97,6
user97,8
user97,10
user97,11
user97,12
user97,14
user97,31
user97,36
user97,40
user97,42
user97,47
user97,50
user98,2
user98,7
user98,13
user98,15
user98,18
user98,24
user98,28
user98,36
user98,38
user98,39
user98,41
user98,46
user98,50
user99,5
user99,6
user99,9
user99,10
user99,18
user99,35
user99,36
user99,38
user99,42
user99,44
user99,45
user99,49
user99,50
